{"cameraMode":{"drawMode":0,"name":"Shaded","section":"Shading Mode"},"sceneLighting":false,"audioPlay":false,"sceneViewState":{"m_AlwaysRefresh":true,"showFog":true,"showSkybox":true,"showFlares":true,"showImageEffects":true,"showParticleSystems":true,"showVisualEffectGraphs":true,"m_FxEnabled":true},"in2DMode":false,"pivot":{"x":-15.4399995803833,"y":0.7417498826980591,"z":-7.920000076293945},"rotation":{"x":-0.2900582253932953,"y":-0.015444571152329445,"z":0.0048385923728346828,"w":-0.9569369554519653},"size":0.6387989521026611,"orthographic":false}