{"cameraMode":{"drawMode":0,"name":"Shaded","section":"Shading Mode"},"sceneLighting":false,"audioPlay":false,"sceneViewState":{"m_AlwaysRefresh":true,"showFog":true,"showSkybox":true,"showFlares":true,"showImageEffects":true,"showParticleSystems":true,"showVisualEffectGraphs":true,"m_FxEnabled":true},"in2DMode":false,"pivot":{"x":-13.891352653503418,"y":-0.40376877784729006,"z":-7.3832197189331059},"rotation":{"x":-0.0659918263554573,"y":-0.9241710901260376,"z":0.18720561265945435,"w":-0.32654061913490298},"size":0.8660253882408142,"orthographic":false}