{"cameraMode":{"drawMode":0,"name":"Shaded","section":"Shading Mode"},"sceneLighting":false,"audioPlay":false,"sceneViewState":{"m_AlwaysRefresh":false,"showFog":true,"showSkybox":false,"showFlares":true,"showImageEffects":true,"showParticleSystems":true,"showVisualEffectGraphs":true,"m_FxEnabled":true},"in2DMode":false,"pivot":{"x":0.0070705413818359379,"y":2.7790191173553469,"z":-0.00759124755859375},"rotation":{"x":-0.07588077336549759,"y":0.9218003153800964,"z":-0.30068400502204897,"w":-0.23262609541416169},"size":22.17701530456543,"orthographic":false}