{"cameraMode":{"drawMode":0,"name":"Shaded","section":"Shading Mode"},"sceneLighting":false,"audioPlay":false,"sceneViewState":{"m_AlwaysRefresh":true,"showFog":true,"showSkybox":false,"showFlares":true,"showImageEffects":true,"showParticleSystems":true,"showVisualEffectGraphs":true,"m_FxEnabled":true},"in2DMode":false,"pivot":{"x":0.29912465810775759,"y":1.3395888805389405,"z":-0.012076377868652344},"rotation":{"x":-0.2040838897228241,"y":-0.12701858580112458,"z":0.026841506361961366,"w":-0.9703672528266907},"size":2.230776309967041,"orthographic":false}