{"cameraMode":{"drawMode":0,"name":"Shaded","section":"Shading Mode"},"sceneLighting":false,"audioPlay":false,"sceneViewState":{"m_AlwaysRefresh":false,"showFog":true,"showSkybox":false,"showFlares":true,"showImageEffects":true,"showParticleSystems":true,"showVisualEffectGraphs":true,"m_FxEnabled":true},"in2DMode":false,"pivot":{"x":0.0016748309135437012,"y":0.04498400539159775,"z":-0.0013372749090194703},"rotation":{"x":-0.07588077336549759,"y":0.9218003153800964,"z":-0.30068400502204897,"w":-0.23262609541416169},"size":0.42699167132377627,"orthographic":false}